City,Cloudiness,Country,Date,Max Temp,Wind Speed,Lat,Lng,Humidity
Magadan,80,RU,1549258794,5.8,15.79,59.56,150.8,100
Mataura,88,NZ,1549258592,71.18,21.83,-46.19,168.86,53
Rikitea,12,PF,1549258575,81.85,7.74,-23.12,-134.97,99
Bambous Virieux,40,MU,1549256400,86,11.41,-20.34,57.76,79
Punta Arenas,0,CL,1549256400,57.2,12.75,-53.16,-70.91,67
Hermanus,92,ZA,1549258602,63.31,3.49,-34.42,19.24,98
Clonakilty,75,IE,1549256400,44.6,6.93,51.62,-8.87,93
Port Alfred,32,ZA,1549258574,70.28,14.45,-33.59,26.89,86
Esperance,20,TT,1549256400,73.4,5.06,10.24,-61.45,83
Hilo,90,US,1549255980,71.96,11.21,19.71,-155.08,84
Mount Isa,90,AU,1549256940,77,19.46,-20.73,139.49,88
Hasaki,0,JP,1549256400,64.4,16.11,35.73,140.83,27
Shache,0,CN,1549258797,36.31,3.71,38.42,77.24,51
Mahebourg,40,MU,1549256400,86,11.41,-20.41,57.7,79
Rabat,0,MA,1549256400,42.8,2.24,34.02,-6.83,80
Bluff,92,AU,1549258583,85.27,15.01,-23.58,149.07,51
Port Elizabeth,90,US,1549258020,33.98,2.93,39.31,-74.98,100
Dong Hoi,48,VN,1549258798,75.32,5.61,17.48,106.6,95
Salinas,40,US,1549258200,51.98,6.93,36.67,-121.66,87
Chuy,24,UY,1549258609,63.53,6.51,-33.69,-53.46,87
Shimoda,20,JP,1549256400,64.4,19.46,34.7,138.93,55
Ponta do Sol,36,BR,1549258799,68.48,3.04,-20.63,-46,85
Busselton,0,AU,1549258580,76.85,8.63,-33.64,115.35,76
Balkhash,0,KZ,1549256400,3.2,17.9,46.84,74.98,54
Hobart,20,AU,1549256400,69.8,16.11,-42.88,147.33,56
Dikson,8,RU,1549258618,-9.96,8.97,73.51,80.55,73
Rio Gallegos,0,AR,1549256400,59,2.15,-51.62,-69.22,67
Krasnooktyabrskiy,75,RU,1549256400,37.4,8.95,44.93,38.37,100
Kapaa,75,US,1549256160,75.02,17.22,22.08,-159.32,71
Avarua,90,CK,1549256400,78.8,3.36,-21.21,-159.78,88
Butaritari,56,KI,1549258622,84.05,19.26,3.07,172.79,100
Lompoc,90,US,1549257300,53.06,3.36,34.64,-120.46,85
Surt,8,LY,1549258282,54.53,16.13,31.21,16.59,100
Bredasdorp,92,ZA,1549256400,66.2,5.82,-34.53,20.04,88
Nikolskoye,90,RU,1549256400,33.8,4.47,59.7,30.79,86
Kodiak,75,US,1549256400,55.76,11.41,39.95,-94.76,89
Umm Lajj,0,SA,1549258312,68.57,11.77,25.02,37.27,88
Kendari,80,ID,1549258807,79.78,0.36,-3.99,122.52,97
Pasighat,0,IN,1549258807,69.43,2.04,28.06,95.33,33
New Norfolk,20,AU,1549256400,69.8,16.11,-42.78,147.06,56
Tuktoyaktuk,75,CA,1549256400,-4.01,16.11,69.44,-133.03,70
Ocampo,0,PH,1549258808,81.17,12.21,13.56,123.37,84
Portland,90,US,1549257300,41,5.82,45.52,-122.67,85
Okha,36,RU,1549258624,-4.47,12.77,53.59,142.95,93
Santo Tomas,0,PH,1549258809,86.89,9.53,15.88,120.59,67
Rovaniemi,90,FI,1549257600,1.4,20.8,66.5,25.72,84
Moerai,88,PF,1549258810,81.35,20.83,-22.43,-151.33,96
Cape Town,0,ZA,1549252800,60.8,8.05,-33.93,18.42,100
Constantine,75,DZ,1549256400,37.4,10.29,36.36,6.61,96
Necochea,0,AR,1549258230,48.91,3.04,-38.55,-58.74,100
Snezhnogorsk,0,RU,1549256400,-27.41,2.24,69.19,33.23,60
Tuatapere,48,NZ,1549258585,64.48,20.71,-46.13,167.69,77
Kungurtug,32,RU,1549258812,-9.1,8.52,50.6,97.53,39
Georgetown,75,GY,1549256400,75.2,4.7,6.8,-58.16,94
Saint-Philippe,90,CA,1549256400,23.9,6.93,45.36,-73.48,92
Kyren,20,RU,1549258812,-8.83,2.15,51.68,102.13,41
Ilulissat,0,GL,1549255800,17.6,8.05,69.22,-51.1,37
Mar del Plata,0,AR,1549258595,54.08,2.15,-46.43,-67.52,94
Atuona,64,PF,1549258638,80.63,14.12,-9.8,-139.03,100
Kaitangata,92,NZ,1549258635,72.13,16.24,-46.28,169.85,57
Aksu,0,KZ,1549256400,-20.21,8.95,52.04,76.93,68
Te Anau,64,NZ,1549258653,62.23,14,-45.41,167.72,65
Kavieng,88,PG,1549258815,80.63,7.52,-2.57,150.8,100
Ushuaia,0,AR,1549256400,60.8,13.87,-54.81,-68.31,55
Celestun,8,MX,1549258815,76.67,15.01,20.87,-90.4,90
Los Llanos de Aridane,20,ES,1549256400,60.8,12.75,28.66,-17.92,67
Chapais,90,CA,1549257300,6.8,5.82,49.78,-74.86,84
Calabozo,20,VE,1549258816,78.02,13,8.92,-67.43,52
Nancha,0,CN,1549258816,-3.07,8.19,47.14,129.26,36
Batagay-Alyta,12,RU,1549258817,-37.05,2.71,67.8,130.41,67
Victoria,75,BN,1549256400,86,3.36,5.28,115.24,79
Talnakh,0,RU,1549258603,-25.12,6.06,69.49,88.39,38
San Cristobal,75,EC,1549256400,57.2,2.24,-0.39,-78.55,93
Jamestown,20,AU,1549258596,85.67,13,-33.21,138.6,32
Santa Isabel do Rio Negro,68,BR,1549258819,74.56,3.71,-0.41,-65.02,100
Vostok,32,RU,1549258819,-3.25,9.53,46.45,135.83,47
Luderitz,0,NA,1549258646,59.71,15.12,-26.65,15.16,80
Arraial do Cabo,68,BR,1549258621,75.01,7.96,-22.97,-42.02,97
Khatanga,64,RU,1549258820,-10.59,8.08,71.98,102.47,74
Sungaipenuh,92,ID,1549258820,69.34,0.13,-2.08,101.38,98
Zhicheng,12,CN,1549258821,49.27,3.71,35.04,112.59,66
Tasiilaq,80,GL,1549255800,23,29.97,65.61,-37.64,79
Cidreira,100,BR,1549258658,68.8,7.63,-30.17,-50.22,86
Lebu,0,ET,1549256400,62.6,8.05,8.96,38.73,33
Banjar,24,ID,1549258658,80.95,1.48,-7.37,108.54,88
Bethel,90,US,1549256160,28.04,8.05,60.79,-161.76,100
High Prairie,0,CA,1549258822,-26.16,1.03,55.43,-116.48,75
Mbandaka,68,CD,1549258823,72.76,3.71,0.05,18.26,100
Albany,90,US,1549257540,42.98,11.41,42.65,-73.75,64
Berlevag,0,NO,1549255800,12.2,17.22,70.86,29.09,72
Longyearbyen,75,NO,1549255800,26.6,8.05,78.22,15.63,68
Vaini,0,IN,1549256400,78.8,11.41,15.34,74.49,47
Lampazos de Naranjo,64,MX,1549258824,57.5,1.36,27.02,-100.51,87
Kabompo,0,ZM,1549258825,70.55,4.94,-13.6,24.21,86
Hirara,75,JP,1549256400,75.2,6.93,24.8,125.28,94
Seidu,12,NG,1549258826,72.53,7.4,8.32,4.47,93
Burnie,0,AU,1549258273,71.27,12.55,-41.05,145.91,83
Kenai,90,US,1549257000,24.08,10.29,60.55,-151.26,91
Zhanaozen,20,KZ,1549258826,27.94,7.07,43.35,52.85,79
Ancud,0,CL,1549256400,62.6,5.82,-41.87,-73.83,72
Burla,0,RU,1549258827,-27.51,7.74,53.34,78.33,44
Itarema,92,BR,1549258652,74.6,2.71,-2.92,-39.92,96
Norman Wells,5,CA,1549256400,-23.81,5.82,65.28,-126.83,67
Alofi,8,NU,1549256400,82.4,11.41,-19.06,-169.92,69
Grand Gaube,40,MU,1549256400,86,11.41,-20.01,57.66,79
Nikel,0,NO,1549257600,-16.61,13.87,69.41,30.21,75
Catanzaro,20,IT,1549255800,53.6,13.87,38.91,16.6,71
Xiamen,90,CN,1549256400,62.6,13.42,24.46,118.07,67
Kavaratti,0,IN,1549258829,83.11,11.21,10.57,72.64,100
East London,0,ZA,1549256400,69.8,12.75,-33.02,27.91,83
Narsaq,64,GL,1549255800,19.4,2.24,60.91,-46.05,73
Thompson,5,CA,1549256400,-22.01,5.82,55.74,-97.86,67
Yenagoa,36,NG,1549258830,73.93,3.6,4.92,6.26,93
Yatou,12,CM,1549258831,82.21,8.63,3.63,9.81,100
Nuevo Progreso,90,US,1549257300,73.04,6.93,26.05,-97.95,93
Yerbogachen,8,RU,1549258831,-35.34,3.6,61.28,108.01,65
Airai,64,TL,1549258832,80.14,2.15,-8.93,125.41,72
Barrow,0,AR,1549258592,52.15,5.17,-38.31,-60.23,87
Qaanaaq,0,GL,1549258621,-19.23,2.59,77.48,-69.36,82
Bongandanga,68,CD,1549258832,71.45,4.05,1.51,21.07,95
Viedma,0,AR,1549258314,59.26,8.63,-40.81,-62.99,75
Carnarvon,0,ZA,1549258833,56.78,10.76,-30.97,22.13,81
Ballina,32,IE,1549258833,41.03,17.47,54.11,-9.15,94
Sola,75,NO,1549257600,37.4,12.75,58.89,5.65,93
Dandong,0,CN,1549258834,27.08,4.05,40.12,124.37,33
Constitucion,0,MX,1549258834,45.98,4.38,23.99,-104.67,56
Carballo,75,ES,1549256400,48.2,10.29,43.21,-8.69,76
Ilinskiy,90,RU,1549256400,33.8,4.47,55.62,38.12,100
Kahului,75,US,1549256160,73.94,9.17,20.89,-156.47,78
Dingle,0,PH,1549258836,86.98,16.69,11,122.67,53
Pisco,90,PE,1549256400,73.4,11.41,-13.71,-76.2,94
Stokmarknes,20,NO,1549257600,28.4,31.09,68.56,14.91,58
Santa Rosa,0,AR,1549258562,58.58,8.41,-36.62,-64.29,63
Isakly,88,RU,1549258839,13.4,4.16,54.13,51.53,88
Sfantu Gheorghe,68,RO,1549256400,39.2,4.7,44.65,26.83,100
College,90,US,1549256280,10.04,4.61,64.86,-147.8,87
Puerto del Rosario,0,ES,1549256400,62.6,17.22,28.5,-13.86,77
Beringovskiy,64,RU,1549258841,29.11,17.69,63.05,179.32,86
Broome,92,GB,1549257600,42.8,17.22,52.47,1.45,87
Bungu,0,TZ,1549258842,82.48,3.38,-7.63,39.06,83
Hambantota,75,LK,1549253400,82.4,13.87,6.12,81.12,83
Conde,88,BR,1549258784,78.38,6.73,-11.81,-37.61,95
Alba,0,IT,1549257600,32,2.24,44.69,8.03,76
Palmer,90,US,1549256880,21.92,11.41,61.6,-149.11,84
Obo,20,CF,1549258843,78.2,10.98,5.39,26.49,49
Ekuvukeni,48,ZA,1549258844,63.62,3.49,-28.47,30.16,95
Beira,75,ES,1549256400,48.2,10.29,43.2,-8.36,76
Udachnyy,20,RU,1549258845,-15.72,6.51,66.42,112.4,68
Isla Vista,90,US,1549257300,53.96,3.36,34.41,-119.86,93
Gull Lake,90,CA,1549256400,-14.81,6.93,50.1,-108.48,68
Upernavik,12,GL,1549258845,1.12,1.36,72.79,-56.15,100
Tigil,76,RU,1549258845,11.15,7.63,57.8,158.67,76
Kaeo,92,NZ,1549258846,71.5,13.11,-35.1,173.78,74
Iqaluit,90,CA,1549256400,-0.41,3.36,63.75,-68.52,84
Clyde River,1,CA,1549257240,-11.21,24.16,70.47,-68.59,83
Buala,88,SB,1549258847,79.24,3.04,-8.15,159.59,100
Gravdal,75,NO,1549257600,37.4,10.29,59.79,5.78,100
Mackay,90,CA,1549256400,-18.41,4.7,53.65,-115.58,68
Rameswaram,88,IN,1549258848,77.8,18.81,9.28,79.3,100
Kattivakkam,40,IN,1549256400,84.2,8.05,13.22,80.32,70
Bereda,75,ES,1549256400,48.2,10.29,43.27,-7.54,76
Tommot,56,RU,1549258849,-31.2,5.61,58.97,126.27,49
Port-Gentil,64,GA,1549258258,78.61,6.4,-0.72,8.78,100
Caravelas,24,BR,1549258849,81.62,17.58,-17.73,-39.27,100
Castro,0,CL,1549256400,62.6,5.82,-42.48,-73.76,72
Kruisfontein,88,ZA,1549258636,69.07,13.11,-34,24.73,96
Marawi,80,PH,1549258850,75.46,3.15,8,124.29,93
Teya,5,MX,1549255500,73.4,9.17,21.05,-89.07,78
Shushtar,0,IR,1549256400,48.2,2.24,32.05,48.86,93
Puerto Madryn,0,AR,1549258851,65.02,14,-42.77,-65.04,86
Makakilo City,1,US,1549256220,73.94,8.05,21.35,-158.09,71
Poum,92,MK,1549258852,39.05,2.37,41.28,20.71,84
Orgtrud,92,RU,1549258852,32.3,6.62,56.18,40.61,98
Zhuanghe,0,CN,1549258852,27.58,10.76,39.7,122.97,100
Faanui,92,PF,1549258853,82.97,9.75,-16.48,-151.75,100
Goderich,92,CA,1549258853,39.05,11.77,43.74,-81.71,100
Catuday,0,PH,1549258853,85.09,5.39,16.29,119.81,78
Yagodnoye,48,RU,1549258853,-12.57,2.15,62.52,149.63,71
Tabuk,36,PH,1549258854,76.36,1.7,17.41,121.44,70
Souillac,0,FR,1549256400,30.2,10.09,45.6,-0.6,92
Saldanha,0,PT,1549258854,21.37,2.71,41.42,-6.55,79
Nanortalik,0,GL,1549258855,20.02,6.51,60.14,-45.24,100
Klaksvik,8,FO,1549257600,35.6,11.41,62.23,-6.59,80
Wajima,75,JP,1549256400,37.4,5.82,37.4,136.9,74
Kirakira,80,SB,1549258856,82.75,14,-10.46,161.92,100
Markala,0,ML,1549258857,64.57,9.64,13.69,-6.07,40
Nantucket,1,US,1549256760,35.96,9.17,41.28,-70.1,92
Severo-Kurilsk,56,RU,1549258663,26.59,5.61,50.68,156.12,100
Pevek,24,RU,1549258608,-16.71,11.1,69.7,170.27,97
Telford,90,GB,1549257600,44.6,12.75,52.68,-2.45,93
Provideniya,90,RU,1549256400,28.4,11.18,64.42,-173.23,92
Aktanysh,44,RU,1549258859,4.27,13.56,55.72,54.06,81
Meulaboh,8,ID,1549258860,84.1,5.17,4.14,96.13,100
Furano,90,JP,1549256640,30.2,18.34,43.28,142.47,92
Wajid,0,SO,1549258860,76.63,13.56,3.81,43.25,54
Athens,1,US,1549257300,53.6,5.82,34.8,-86.97,97
Baykit,48,RU,1549258861,-30.52,3.49,61.68,96.39,49
Huanren,0,CN,1549258862,20.42,3.15,41.26,125.37,25
Fort Nelson,5,CA,1549256400,-23.81,3.36,58.81,-122.69,74
Maceio,40,BR,1549256400,75.2,2.24,-9.67,-35.74,94
Naze,32,NG,1549258867,74.2,4.16,5.43,7.07,96
Monte Azul,0,BR,1549258816,73.43,7.96,-15.15,-42.87,71
Iberia,80,PE,1549258871,70.69,2.04,-11.41,-69.49,96
Sabya,12,YE,1549258871,74.38,2.93,16.19,43.1,73
Broken Hill,48,AU,1549256400,95,13.87,-31.97,141.45,20
Yellowknife,40,CA,1549256400,-36.41,5.82,62.45,-114.38,65
Oneonta,88,US,1549258872,40.18,7.18,42.45,-75.06,97
Zhigansk,24,RU,1549258873,-33.09,7.07,66.77,123.37,59
Namibe,8,AO,1549258873,76.72,4.05,-15.19,12.15,100
Matara,36,PE,1549258873,43.15,1.7,-13.74,-72.9,89
Punta de Bombon,92,PE,1549258874,72.62,5.61,-17.17,-71.79,99
Summerside,90,CA,1549256400,12.2,6.93,46.39,-63.79,78
Vardo,1,US,1549257600,37.94,4.7,39.62,-77.74,75
Acajutla,0,SV,1549258875,69.43,4.05,13.59,-89.83,89
Turbat,92,PK,1549258875,64.07,11.77,26,63.05,80
Yangambi,12,CD,1549258875,77.08,3.94,0.77,24.47,81
Comodoro Rivadavia,0,AR,1549256400,57.2,5.61,-45.87,-67.48,87
Dekar,24,BW,1549258305,66.77,5.39,-21.53,21.93,100
Kerema,0,PG,1549258657,93.5,3.71,-7.96,145.78,45
Soyo,75,AO,1549256400,77,3.71,-6.13,12.37,100
Nouadhibou,68,MR,1549256400,59,17.22,20.93,-17.03,82
Nelson Bay,0,AU,1549256400,93.2,12.75,-32.72,152.14,38
Pau,0,FR,1549256400,26.6,2.24,43.3,-0.37,86
Yabrud,0,SY,1549256400,35.6,9.17,33.97,36.66,69
Morondava,0,MG,1549258878,86.93,3.94,-20.3,44.28,80
Saint George,75,GR,1549255800,46.4,2.93,39.45,22.34,100
Pyay,0,MM,1549258879,86.44,8.41,18.82,95.22,59
Flinders,0,AU,1549256400,84.2,4.7,-34.58,150.85,62
Nome,90,US,1549257300,64.4,5.82,30.04,-94.42,94
Ribeira Grande,80,PT,1549258671,63.13,22.28,38.52,-28.7,95
Houston,90,US,1549257300,68,3.36,29.76,-95.37,100
Aklavik,90,CA,1549256400,-2.21,3.36,68.22,-135.01,64
Buta,64,CD,1549258881,73.43,3.04,2.79,24.73,92
Buraydah,0,SA,1549256400,50,5.82,26.33,43.97,81
Mizan Teferi,20,ET,1549258881,73.25,3.15,6.99,35.58,43
Saskylakh,68,RU,1549258617,-10.5,16.24,71.97,114.09,72
Phetchabun,0,TH,1549256400,89.6,3.36,16.42,101.16,43
Svetlogorsk,90,RU,1549256400,3.2,2.24,53.14,59.15,84
Chokurdakh,20,RU,1549258592,-32.91,10.2,70.62,147.9,58
Russellville,90,US,1549257300,62.96,4.7,35.28,-93.13,80
Muros,40,ES,1549256400,37.4,5.82,42.77,-9.06,95
Luebo,20,CD,1549258883,76.22,2.71,-5.35,21.42,93
Port Hardy,90,CA,1549256400,24.8,14.99,50.7,-127.42,58
Jinzhou,0,CN,1549258884,29.2,17.02,41.11,121.12,42
Hofn,88,IS,1549258885,31.72,7.96,64.25,-15.21,100
Vanimo,76,PG,1549258885,81.04,13.67,-2.67,141.3,100
Hwange,0,ZW,1549258885,78.07,4.72,-18.35,26.5,51
Komsomolskiy,0,RU,1549258886,-35.16,3.04,67.55,63.78,0
Yekepa,12,LR,1549258886,68.12,3.6,7.58,-8.54,96
Paamiut,0,GL,1549258886,26.27,20.27,61.99,-49.67,100
Puerto Ayora,24,EC,1549258593,78.34,4.94,-0.74,-90.35,100
Sioux Lookout,90,CA,1549256400,-0.41,5.82,50.1,-91.92,84
Ust-Barguzin,24,RU,1549258887,-15.67,3.49,53.41,109.03,64
Rondonopolis,8,BR,1549258887,72.98,2.59,-16.46,-54.64,82
Jalu,64,LY,1549258888,54.04,13.11,29.03,21.55,33
Helong,20,CN,1549258888,64.75,3.38,25.94,116.13,78
Maragogi,80,BR,1549258314,76.13,4.16,-9.01,-35.22,100
Port Macquarie,0,AU,1549256400,89.6,19.46,-31.43,152.91,52
Ous,32,RU,1549258889,-19.45,5.5,60.91,61.52,58
Port-Cartier,90,CA,1549256400,6.8,8.05,50.03,-66.88,65
Najran,5,SA,1549256400,59,6.93,17.54,44.22,77
Valer,8,ES,1549258890,21.5,3.38,41.76,-6.18,69
Barreiras,36,BR,1549258890,70.42,2.71,-12.14,-45,92
Tateyama,75,JP,1549256400,44.6,9.17,36.66,137.31,75
Urucara,92,BR,1549258891,77.71,2.15,-2.54,-57.76,90
Rolla,1,US,1549255980,57.02,17.22,37.95,-91.77,71
Cherskiy,0,RU,1549258637,-19.41,6.06,68.75,161.3,56
Erie,90,US,1549256160,51.08,12.75,42.13,-80.09,60
Columbia,1,US,1549257960,46.04,3.36,34,-81.03,100
Tilichiki,80,RU,1549258893,13.63,3.71,60.47,166.1,84
Grindavik,75,IS,1549258200,30.2,6.93,63.84,-22.43,92
Churapcha,76,RU,1549258894,-26.07,4.72,62,132.43,39
Novo Aripuana,36,BR,1549258832,75.95,3.6,-5.12,-60.38,95
La Ronge,90,CA,1549256400,-31.01,2.59,55.1,-105.3,73
Fairbanks,90,US,1549256280,9.32,4.61,64.84,-147.72,87
San Policarpo,20,PH,1549258895,80.63,15.46,12.18,125.51,88
Palestine,90,US,1549258500,66.92,8.05,31.76,-95.63,92
Majene,20,ID,1549258896,83.6,19.6,-3.54,118.97,96
Jiwani,88,PK,1549258896,67.81,12.44,25.05,61.74,94
Great Falls,90,US,1549257240,-9.94,8.05,47.5,-111.29,77
Cabra,0,ES,1549256400,33.8,4.7,37.47,-4.43,80
Simbahan,12,PH,1549258897,81.4,14.23,6.3,120.58,98
San Jose,12,PH,1549258896,78.16,4.38,15.79,120.99,82
Segou,0,SN,1549258899,63.8,2.71,12.41,-12.29,73
Sorland,40,NO,1549255800,28.4,11.41,67.67,12.69,58
Promyshlennyy,0,RU,1549258899,-35.79,3.04,67.58,63.92,0
Inirida,0,CO,1549258899,72.08,1.92,3.87,-67.92,96
Leiyang,92,CN,1549258900,46.88,5.61,26.42,112.85,100
Thinadhoo,32,MV,1549258900,83.29,15.12,0.53,72.93,99
Ostrovnoy,48,RU,1549258900,-6.9,12.55,68.05,39.51,90
Griffith,24,AU,1549256400,100.4,12.75,-34.29,146.06,19
Tiksi,20,RU,1549258901,-33.4,3.38,71.64,128.87,59
Rapid Valley,75,US,1549258680,17.96,13.87,44.06,-103.15,78
Pozo Colorado,88,PY,1549258902,77.12,10.2,-23.49,-58.8,77
Miedzyrzec Podlaski,80,PL,1549258902,33.92,15.79,51.99,22.78,98
Nautla,36,MX,1549258902,74.6,11.99,20.22,-96.78,99
Haines Junction,68,CA,1549258903,-20.98,1.36,60.75,-137.51,81
Half Moon Bay,75,US,1549257300,53.96,6.93,37.46,-122.43,71
Nova Borova,68,UA,1549258904,35.14,9.53,50.69,28.64,93
Garden City,1,US,1549257420,42.98,2.93,40.73,-73.63,77
Fortuna,0,ES,1549256400,46.4,19.46,38.18,-1.13,42
Inverell,0,AU,1549258907,83.11,7.07,-29.78,151.11,40
Prince Rupert,1,CA,1549256400,19.4,10.29,54.32,-130.32,37
Daru,20,SL,1549258908,72.53,4.38,7.99,-10.85,89
Ilebo,88,CD,1549258908,75.46,2.93,-4.33,20.59,98
Tual,36,ID,1549258908,83.6,17.69,-5.67,132.75,99
Fethiye,20,TR,1549257600,41,8.05,36.62,29.12,100
Cabo San Lucas,40,MX,1549255200,68,7.74,22.89,-109.91,82
Salem,90,US,1549256160,39.92,8.05,44.94,-123.03,82
Geraldton,90,CA,1549256400,-2.21,9.17,49.72,-86.95,70
Sao Joao da Barra,88,BR,1549258829,79.51,2.48,-21.64,-41.05,100
Alekseyevsk,20,RU,1549258911,-25.62,3.49,57.84,108.35,38
Okhotsk,56,RU,1549258596,9.35,3.15,59.36,143.24,97
Winslow,92,GB,1549256160,44.6,14.99,51.94,-0.88,87
Camacha,40,PT,1549256400,59,13.87,33.08,-16.33,62
Knokke-Heist,88,BE,1549257900,35.6,20.8,51.33,3.33,100
Dunmore Town,0,BS,1549258912,74.2,13.22,25.5,-76.65,100
Srednekolymsk,32,RU,1549258913,-19.86,2.59,67.46,153.71,57
San Patricio,0,PY,1549258913,70.69,5.61,-26.98,-56.83,86
Villa Carlos Paz,75,AR,1549256400,59,5.82,-31.42,-64.5,93
Lorengau,88,PG,1549258914,78.88,10.42,-2.02,147.27,100
Hithadhoo,0,MV,1549258628,84.68,13,-0.6,73.08,97
Khromtau,0,KZ,1549258914,1.84,3.71,50.26,58.44,58
Sistranda,20,NO,1549257600,24.8,16.11,63.73,8.83,92
Kayes,0,ML,1549258915,63.98,6.62,14.44,-11.44,57
Rome,0,IT,1549257600,42.8,8.05,41.89,12.48,93
Obihiro,75,JP,1549256400,35.6,23.04,42.92,143.2,64
Manggar,100,ID,1549258916,78.92,10.65,-2.88,108.27,100
Saint-Pierre,44,FR,1549256400,26.6,5.82,48.95,4.24,92
Semnan,90,IR,1549256400,41,2.24,35.58,53.39,65
Kuito,80,AO,1549258917,62.77,3.71,-12.38,16.94,92
Barra do Garcas,8,BR,1549258805,71.45,4.05,-15.89,-52.26,87
Athabasca,76,CA,1549258917,-16.08,3.38,54.72,-113.29,67
Verkhovyna,8,UA,1549258918,37.93,3.38,48.15,24.83,92
Seoul,0,KR,1549256400,39.2,8.05,37.57,126.98,22
Wanaka,12,NZ,1549258918,71,3.49,-44.7,169.14,40
Wuwei,0,CN,1549258919,30.05,4.38,37.93,102.64,70
East Moline,1,US,1549256280,46.04,10.29,41.52,-90.44,89
Silver City,90,US,1549257300,45.5,8.05,32.77,-108.28,92
Labuhan,80,ID,1549258645,81.31,3.04,-2.54,115.51,84
Vila Velha,40,BR,1549256400,80.6,3.36,-3.71,-38.6,88
Kyabram,20,AU,1549258920,85.22,11.77,-36.31,145.05,57
Raudeberg,75,NO,1549257600,35.6,19.46,61.99,5.14,80
Putina,8,PE,1549258921,22.85,3.04,-14.91,-69.87,73
Minador do Negrao,36,BR,1549258921,71.5,4.5,-9.31,-36.86,96
Rosrath,0,DE,1549257600,30.2,4.7,50.9,7.18,86
Katangli,88,RU,1549258922,13.27,13,51.71,143.23,100
Namatanai,64,PG,1549258923,80.41,9.42,-3.66,152.44,100
Trelew,0,AR,1549258791,67.54,11.99,-43.25,-65.31,47
Tocopilla,64,CL,1549258923,65.56,0.36,-22.09,-70.2,96
Port Hedland,40,AU,1549256400,91.4,10.29,-20.31,118.58,63
Hamilton,75,BM,1549256100,60.8,5.82,32.3,-64.78,72
Olavarria,0,AR,1549258824,50.89,2.59,-36.89,-60.32,83
Abay,0,KZ,1549256400,-2.21,4.47,49.63,72.87,70
Dubbo,0,AU,1549256400,96.8,4.7,-32.25,148.6,22
Buckingham,92,GB,1549257600,44.6,14.99,52,-0.98,100
Kalanguy,0,RU,1549258926,-13.6,9.08,51.01,116.52,57
Gillette,90,US,1549255980,1.04,11.41,44.29,-105.5,82
Bandarbeyla,0,SO,1549258927,77.53,14,9.49,50.81,100
Omboue,76,GA,1549258927,80,7.4,-1.57,9.26,100
Tyukod,20,HU,1549256400,39.2,9.17,47.85,22.55,100
Faya,0,SA,1549256400,57.2,3.94,18.39,42.45,62
Gazli,68,UZ,1549258928,47.33,13.22,40.13,63.45,80
Riyadh,0,SA,1549256400,50,3.36,24.63,46.72,57
Forbes,64,AU,1549258928,91.07,4.38,-33.38,148.01,46
Sinnamary,92,GF,1549258929,79.78,14,5.38,-52.96,94
Sembabule,20,UG,1549258929,71.9,4.05,-0.08,31.46,52
Noumea,75,NC,1549256400,87.8,18.34,-22.28,166.46,58
Sao Filipe,76,CV,1549258664,70.15,15.23,14.9,-24.5,100
Atikokan,92,CA,1549258930,9.62,7.4,48.76,-91.62,73
Puerto Carreno,32,CO,1549258930,71.14,2.71,6.19,-67.49,90
Vila Franca do Campo,75,PT,1549256400,62.6,10.29,37.72,-25.43,82
Mehamn,0,NO,1549257600,15.8,17.22,71.03,27.85,72
Puerto Escondido,0,MX,1549258931,81.4,8.19,15.86,-97.07,100
Pontianak,40,ID,1549256400,87.8,5.82,-0.02,109.34,66
Kitui,0,KE,1549258932,75.55,4.05,-1.37,38.02,53
Nara,75,JP,1549256940,55.4,10.29,34.68,135.8,54
Ketchikan,1,US,1549255980,21.2,8.05,55.34,-131.65,48
Maumere,48,ID,1549258933,82.21,15.01,-8.63,122.22,98
Aquiraz,40,BR,1549256400,80.6,3.36,-3.9,-38.39,88
Barra Patuca,92,HN,1549258934,79.24,10.54,15.8,-84.28,86
Charters Towers,92,AU,1549258934,73.52,14.67,-20.07,146.27,100
Fare,88,PF,1549258934,82.7,11.1,-16.7,-151.02,100
Murmashi,0,RU,1549256400,-27.41,2.24,68.82,32.82,60
Coihaique,0,CL,1549256400,60.8,1.7,-45.58,-72.07,82
Vestmannaeyjar,12,IS,1549258616,24.7,6.73,63.44,-20.27,100
Sokoni,0,CD,1549258936,67.85,3.71,-12.89,28.78,95
Ahipara,32,NZ,1549258643,74.87,11.21,-35.17,173.16,70
Belaya Gora,48,RU,1549258937,-33.22,4.72,68.54,146.19,59
Onverwacht,40,SR,1549256400,75.2,5.82,5.59,-55.2,94
Sambava,36,MG,1549258938,81.8,9.53,-14.27,50.17,100
Storslett,0,NO,1549257600,12.2,26.4,69.77,21.03,61
Torbay,90,CA,1549256400,10.4,23.04,47.66,-52.73,66
Egvekinot,88,RU,1549258939,12.91,2.37,66.32,-179.17,85
South Lake Tahoe,20,US,1549258200,39.02,10.29,38.93,-119.98,100
Touros,40,BR,1549256400,77,3.36,-5.2,-35.46,94
Kirkwall,32,GB,1549257600,39.2,8.05,58.98,-2.96,86
Vila,0,IT,1549257600,37.4,4.7,45.18,8.4,44
Adrar,0,DZ,1549256400,39.2,6.93,27.87,-0.29,41
Samarai,44,PG,1549258941,88.1,15.01,-10.62,150.67,92
Nagai,75,JP,1549256400,39.2,11.41,38.14,139.98,86
Amberieu-en-Bugey,20,FR,1549257600,35.6,8.05,45.96,5.34,92
Atar,48,MR,1549258942,46.97,3.94,20.52,-13.05,60
Nadadores,36,MX,1549258942,53.72,3.04,27.03,-101.59,85
Svetlaya,0,RU,1549258943,14.03,26.08,46.54,138.33,100
Rajshahi,0,BD,1549258943,72.4,5.95,24.37,88.59,76
Pangnirtung,0,CA,1549258670,-6,5.5,66.15,-65.72,42
Victor Harbor,20,AU,1549256400,78.8,17.22,-35.55,138.62,39
Zhangye,0,CN,1549258944,25.28,3.38,38.94,100.46,91
Concepcion,0,CO,1549258944,74.87,1.92,9.56,-73.66,64
Tikhvin,92,RU,1549258945,33.52,5.39,59.64,33.53,97
Monte Carmelo,36,BR,1549258945,68.93,2.93,-18.73,-47.5,82
Zalantun,20,CN,1549258945,5.12,6.06,48,122.72,25
Kralendijk,8,BQ,1549256100,77,13.87,12.15,-68.27,78
Bjornevatn,0,NO,1549257600,10.4,13.87,69.67,29.98,75
Boyolangu,36,ID,1549258946,85.36,3.94,-8.09,111.9,78
Durazno,0,UY,1549258946,58.72,7.18,-33.38,-56.52,78
Saint-Michel-des-Saints,88,CA,1549258749,13.63,2.48,46.68,-73.92,88
Ryki,90,PL,1549258200,33.8,21.92,51.63,21.94,97
Thunder Bay,90,CA,1549256400,6.8,5.82,48.41,-89.26,84
Robore,12,BO,1549258948,73.84,11.1,-18.33,-59.76,81
Sobolevo,92,RU,1549258948,35.63,12.44,54.43,31.9,96
Chivay,92,PE,1549258949,36.04,2.71,-15.64,-71.6,100
Suez,0,EG,1549258949,43.37,2.48,29.97,32.54,71
Koshki,92,RU,1549258949,14.53,3.94,54.2,50.47,90
Niamey,0,NE,1549256400,69.8,2.24,13.52,2.11,21
Fossano,0,IT,1549258950,11.92,2.15,44.55,7.72,76
Orlik,24,RU,1549258951,-20.22,3.71,52.51,99.83,46
Sechura,76,PE,1549258951,74.92,7.74,-5.56,-80.82,81
Gat,68,SN,1549256400,62.6,19.46,14.69,-16.54,82
Umm Kaddadah,0,SD,1549258952,62.9,3.94,13.6,26.69,34
Emba,0,CY,1549256400,57.2,6.93,34.81,32.42,65
Savelugu,64,GH,1549258952,73.03,2.48,9.63,-0.83,91
Salalah,75,OM,1549255800,75.2,3.36,17.01,54.1,64
Guerrero Negro,100,MX,1549258953,58.09,5.17,27.97,-114.04,100
Kailua,90,US,1549256220,73.94,10.29,21.39,-157.74,73
Gushikawa,90,JP,1549256400,69.8,11.41,26.35,127.87,79
Gourdon,8,FR,1549256400,24.8,2.24,44.74,1.38,92
Yar-Sale,56,RU,1549258954,-17.38,13.22,66.83,70.83,79
Tecoanapa,5,MX,1549255860,77,3.04,16.99,-99.26,78
Leshukonskoye,56,RU,1549258955,-3.66,8.08,64.9,45.76,66
Roald,75,NO,1549257600,33.8,13.87,62.58,6.12,59
Torbat-e Jam,92,IR,1549258955,35.23,4.05,35.24,60.63,100
Mount Gambier,90,AU,1549256400,69.8,20.8,-37.83,140.78,60
Yabelo,0,ET,1549258956,71.95,4.94,4.89,38.09,36
Ambilobe,36,MG,1549258956,79.42,4.38,-13.19,49.05,100
Boa Vista,0,BR,1549256400,82.4,11.41,2.82,-60.67,65
Dunedin,0,NZ,1549258958,69.97,4.72,-45.87,170.5,62
Avera,1,US,1549256100,51.08,2.48,33.19,-82.53,99
Letnyaya Stavka,68,RU,1549258958,29.56,9.53,45.43,43.44,89
The Valley,20,AI,1549256400,77,10.29,18.22,-63.06,73
Uvira,8,CD,1549258959,68.71,2.04,-3.41,29.14,94
Boende,64,CD,1549258959,71.41,3.94,-0.28,20.88,97
Paramirim,12,BR,1549258959,66.19,4.94,-13.44,-42.24,86
Kinsale,75,IE,1549258200,44.6,14.99,51.71,-8.52,93
Deer Lake,40,CA,1549256400,8.6,8.05,49.18,-57.43,71
Peniche,0,PT,1549256400,37.4,2.24,39.36,-9.38,100
Mananjary,0,MG,1549258961,70.06,3.71,-19.16,46.8,92
Harper,75,US,1549258500,60.08,9.42,30.3,-99.24,89
Whitianga,0,NZ,1549258961,70.73,7.74,-36.83,175.7,100
Kenora,90,CA,1549258500,1.4,16.11,49.76,-94.48,84
Mangrol,0,IN,1549258963,70.78,4.61,25.33,76.51,67
Florianopolis,75,BR,1549256400,69.8,6.93,-27.6,-48.55,83
Poso,32,ID,1549258964,81.58,3.94,-1.4,120.75,100
Saint-Georges,92,CA,1549258964,25.78,5.95,46.12,-70.67,90
Carnduff,80,CA,1549258965,-8.7,8.41,49.17,-101.8,77
Yumen,0,CN,1549258965,24.07,16.69,40.29,97.04,77
Xingyi,0,CN,1549258965,63.67,8.52,24.19,102.82,48
Sabang,0,PH,1549258966,81.17,12.21,13.72,123.58,84
Miandoab,20,IR,1549256400,30.2,9.17,36.97,46.1,63
Kaoma,0,ZM,1549258966,70.28,4.61,-14.8,24.8,90
Atyrau,75,KZ,1549256400,6.8,4.47,47.1,51.92,92
Kasongo-Lunda,92,CD,1549258967,71.95,2.71,-6.48,16.82,95
Valley Station,1,US,1549258500,57.92,5.5,33.35,-86.77,100
Pizarro,64,CO,1549258968,78.2,3.04,4.95,-77.37,95
Zyryanskoye,0,RU,1549258968,-37.72,3.15,56.83,86.62,77
Turbana,0,CO,1549256400,78.8,12.75,10.27,-75.44,83
Takoradi,0,GH,1549258969,79.96,6.17,4.89,-1.75,100
Aitape,92,PG,1549258969,81.22,11.43,-3.15,142.36,94
Bestobe,80,KZ,1549258969,-7.71,10.09,52.5,73.1,79
Sitka,0,US,1549258970,57.77,17.81,37.17,-99.65,35
Quatre Cocos,40,MU,1549256400,86,11.41,-20.21,57.76,79
Kimbe,92,PG,1549258970,77.75,7.63,-5.56,150.15,100
Ramhormoz,0,IR,1549256400,48.2,4.7,31.28,49.6,81
Nalut,88,LY,1549258971,41.62,14.23,31.86,10.98,75
Juneau,20,US,1549256160,12.92,3.36,58.3,-134.42,76
Coquimbo,90,CL,1549256400,60.8,4.7,-29.95,-71.34,93
Nhamunda,64,BR,1549258972,74.33,2.48,-2.19,-56.71,95
Verkhnevilyuysk,64,RU,1549258972,-27.1,7.07,63.45,120.31,42
Chernyshevskiy,48,RU,1549258973,-32.19,3.71,63.01,112.47,54
Tazovskiy,32,RU,1549258973,-11.4,11.99,67.47,78.7,58
Wabana,90,CA,1549256400,10.4,23.04,47.63,-52.95,66
Balkanabat,48,TM,1549258974,36.98,3.04,39.51,54.36,82
Royan,0,FR,1549256400,39.2,15.57,45.62,-1.03,92
Senai,75,MY,1549256400,91.4,8.05,1.59,103.65,66
Mitsamiouli,20,KM,1549256400,80.6,2.24,-11.38,43.28,83
Bhag,56,PK,1549258975,62.05,4.16,29.04,67.82,93
Taltal,64,CL,1549258975,60.2,1.14,-25.41,-70.49,96
Petropavlovsk-Kamchatskiy,0,RU,1549256400,28.4,8.95,53.05,158.65,46
Turbiv,90,UA,1549256400,39.2,6.71,49.34,28.73,100
Antofagasta,90,CL,1549256400,69.8,5.82,-23.65,-70.4,77
Hovd,75,NO,1549257600,24.8,6.93,63.83,10.7,79
Madimba,0,CM,1549258977,75.19,4.94,4.42,9.93,93
Madang,32,PG,1549258977,83.15,3.94,-5.21,145.81,89
Conakry,0,GN,1549252800,77,6.62,9.52,-13.7,83
Praya,75,ID,1549256400,87.8,12.75,-8.71,116.27,66
Saravan,0,AM,1549256400,26.6,2.24,39.72,45.65,86
Zeya,24,RU,1549258978,-16.62,3.04,53.74,127.27,46
Maniitsoq,44,GL,1549258978,12.37,7.74,65.42,-52.9,72
Maryborough,68,AU,1549258979,77.53,5.17,-25.54,152.7,74
Mamallapuram,40,IN,1549256400,84.2,8.05,12.63,80.17,70
Leningradskiy,68,RU,1549258980,-4.56,15.57,69.38,178.42,80
Morehead,1,US,1549258500,51.98,5.82,38.18,-83.43,66
Porto Novo,40,BR,1549256400,71.6,2.59,-23.68,-45.44,88
Ust-Omchug,44,RU,1549258980,-12.48,2.59,61.13,149.63,70
Salisbury,92,GB,1549256760,46.4,20.8,51.07,-1.8,93
Beaverlodge,40,CA,1549256400,-36.41,5.82,55.21,-119.43,65
Robertson,88,ZA,1549258981,59.57,2.59,-33.8,19.88,92
Kysyl-Syr,80,RU,1549258982,-26.43,6.17,63.9,122.77,40
Pasco,1,US,1549257300,39.02,3.15,46.24,-119.1,88
Saint-Francois,0,FR,1549256400,24.8,3.49,46.42,3.91,100
Gasa,0,BT,1549258983,9.31,4.05,27.91,89.73,80
Bubaque,0,GW,1549258983,75.28,11.43,11.28,-15.83,100
Cataguases,32,BR,1549258807,72.58,2.15,-21.39,-42.7,88
Phan Thiet,0,VN,1549258984,82.39,17.58,10.93,108.1,78
Ust-Ordynskiy,75,RU,1549258200,-13.01,8.95,52.8,104.75,69
Traralgon,24,AU,1549258985,72.31,2.93,-38.19,146.54,69
Laguna,0,MX,1549258985,60.34,1.7,27.52,-110.01,76
Sinazongwe,36,ZM,1549258985,80.72,2.04,-17.26,27.46,72
Astana,0,KZ,1549256400,-4.01,11.18,51.13,71.43,83
Pokhara,0,NP,1549258986,60.38,2.59,28.21,83.99,52
Shingu,20,JP,1549256400,59,19.46,33.72,135.99,54
Santa Cruz de Tenerife,0,ES,1549258200,60.8,6.93,28.47,-16.25,87
San Andres,8,PH,1549258987,80,13.67,13.32,122.68,95
Biak,44,ID,1549258987,86.75,6.73,-0.91,122.88,75
Eydhafushi,92,MV,1549258988,82.57,20.27,5.1,73.07,99
Rayadrug,0,IN,1549258988,79.55,9.98,14.7,76.87,58
Mokhsogollokh,64,RU,1549258988,-26.02,5.95,61.4,128.95,39
Sakaiminato,75,JP,1549256400,48.2,13.87,35.55,133.23,45
Palmas,40,BR,1549252800,71.6,3.36,-10.18,-48.33,94
Yulara,0,AU,1549256400,104,13.87,-25.24,130.99,13
Capaci,20,IT,1549257600,46.4,5.82,38.17,13.24,75
Ewa Beach,1,US,1549256220,73.94,8.05,21.32,-158.01,71
Russell,75,AR,1549256400,66.2,5.82,-33.01,-68.8,93
Santona,0,ES,1549256400,35.6,1.12,43.44,-3.46,100
Aras,0,YE,1549258992,59.48,3.15,14.28,44.38,52
Cabedelo,40,BR,1549256400,75.2,4.7,-6.97,-34.84,100
